檔名,名稱
1,全球人壽豪威六六利率變動型終身壽險(定額給付)
2,全球人壽代代緻富利率變動型終身壽險(定額給付)
3,凱基人壽享利開鑫利率變動型終身保險(定期給付)_BPLTPL
4,南山人壽新多福保美元利率變動型終身保險(定期給付)_BUPL5G
5,南山人壽添多利利率變動型增額終身保險(定期給付)_2BTL
6,凱基人壽好基利美元利率變動型終身壽險(定期給付)_APMEPL
7,南山人壽年年滿利利率變動型還本終身保險(定期給付)_2BTE2
8,南山人壽添保倍美元利率變動型終身壽險(定期給付)_BYUPL8
9,全球人壽鑫美富足利率變動型美元增額終身壽險(定額給付)
10,南山人壽新福愛小額終身壽險_MPL3
11,全球人壽鑫美富足利率變動型美元增額終身壽險(定額給付)
12,安達人壽美美優美元利率變動型終身壽險
13,凱基人壽天天有利利率變動型終身壽險(定期給付)_APKQTL
14,南山人壽威美鑽美元利率變動型終身壽險(定期給付)_SYUL
15,凱基人壽好基利美元利率變動型終身壽險(定期給付)_APMEPL
16,全球人壽豪神六六利率變動型美元終身壽險(定額給付)
17,凱基人壽基業長鴻美元利率變動型終身壽險(定期給付)_APMOPL
18,凱基人壽澳氣十足澳幣利率變動型養老保險(定期給付)_APMKPL
19,全球人壽鑫美富足利率變動型美元增額終身壽險(定額給付)
20,南山人壽佳多保利率變動型終身保險(定期給付)_BTPL
21,南山人壽年年滿利利率變動型還本終身保險(定期給付)_2BTE2
22,南山人壽豐盈滿山美元利率變動型終身壽險(定期給付)_BYUPL6
23,南山人壽添保倍美元利率變動型終身壽險(定期給付)_BYUPL8
24,全球人壽豪威六六利率變動型終身壽險(定額給付)
25,南山人壽添保倍美元利率變動型終身壽險(定期給付)_BYUPL8
26,凱基人壽全民小額終身壽險_EHJIPL
27,凱基人壽十全十美美元利率變動型養老保險(定期給付)_APMIPL
28,南山人壽添保倍美元利率變動型終身壽險(定期給付)_BYUPL8
29,南山人壽樂活洋溢醫療終身保險_TPHI5
30,全球人壽代代緻富利率變動型終身壽險(定額給付)
31,全球人壽代代緻富利率變動型終身壽險(定額給付)
32,南山人壽新福愛小額終身壽險_MPL3
33,全球人壽代代緻富利率變動型終身壽險(定額給付)
34,南山人壽豐盈滿山美元利率變動型終身壽險(定期給付)_BYUPL6
35,南山人壽豐盈保倍美元利率變動型終身壽險(定期給付)_BYUPL7
36,南山人壽新多福保美元利率變動型終身保險(定期給付)_BUPL5G
37,南山人壽添保倍美元利率變動型終身壽險(定期給付)_BYUPL8
38,凱基人壽大基大利美元利率變動型終身壽險(定期給付)_APMLPL
39,凱基人壽澳氣十足澳幣利率變動型養老保險(定期給付)_APMKPL
40,南山人壽添多利利率變動型增額終身保險(定期給付)_2BTL
41,全球人壽金采福旺利率變動型終身壽險(定額給付)
42,全球人壽豪神六六利率變動型美元終身壽險(定額給付)
43,全球人壽鑫美富足利率變動型美元增額終身壽險(定額給付)
44,全球人壽金美富貴利率變動型美元終身壽險(定額給付)
45,安達人壽超美得美元利率變動型終身壽險
46,凱基人壽美年鑽美元利率變動型終身保險(定期給付)_BPJAPL
47,南山人壽新多福保美元利率變動型終身保險(定期給付)_BUPL5G
48,凱基人壽全民小額終身壽險_EHJIPL
49,南山人壽威美鑽美元利率變動型終身壽險(定期給付)_SYUL
50,全球人壽鑫美富足利率變動型美元增額終身壽險(定額給付)
51,南山人壽威美鑽美元利率變動型終身壽險(定期給付)_SYUL
52,113 年 1月 29 日
53,南山人壽樂活洋溢醫療終身保險_TPHI5
54,南山人壽新多福保美元利率變動型終身保險(定期給付)_BUPL5G
55,南山人壽威美鑽美元利率變動型終身壽險(定期給付)_SYUL
56,全球人壽代代緻富利率變動型終身壽險(定額給付)
57,凱基人壽鑫安利得利率變動型終身壽險(定期給付)_APWHPL
58,凱基人壽招財進保利率變動型終身壽險(定期給付)_APLYPL
59,凱基人壽天天開鑫利率變動型終身保險(定期給付)_APKTPL
60,南山人壽添保倍美元利率變動型終身壽險(定期給付)_BYUPL8
61,南山人壽佳多保利率變動型終身保險(定期給付)_BTPL
62,南山人壽年年滿利利率變動型還本終身保險(定期給付)_2BTE2
63,南山人壽樂活洋溢醫療終身保險_TPHI5
64,全球人壽金美富貴利率變動型美元終身壽險(定額給付)
65,凱基人壽享利開鑫利率變動型終身保險(定期給付)_BPLTPL
66,南山人壽樂活洋溢醫療終身保險_TPHI5
67,凱基人壽天天開鑫利率變動型終身保險(定期給付)_APKTPL
68,113 年 1月 29 日
69,南山人壽享添鑽利率變動型終身保險(定期給付)_STL6
70,凱基人壽金旺來利率變動型終身壽險(定期給付)_APMTPL
71,凱基人壽好基利美元利率變動型終身壽險(定期給付)_APMEPL
72,凱基人壽好基利美元利率變動型終身壽險(定期給付)_APMEPL
73,凱基人壽鑫安利得利率變動型終身壽險(定期給付)_APWHPL
74,全球人壽鑫美富足利率變動型美元增額終身壽險(定額給付)
75,安達人壽美美優美元利率變動型終身壽險
76,113 年 1月 29 日
77,113 年 1月 29 日
78,南山人壽添保倍美元利率變動型終身壽險(定期給付)_BYUPL8
79,凱基人壽招財進保利率變動型終身壽險(定期給付)_APLYPL
80,南山人壽佳多保利率變動型終身保險(定期給付)_BTPL
81,全球人壽代代緻富利率變動型終身壽險(定額給付)
82,凱基人壽大基大利美元利率變動型終身壽險(定期給付)_APMLPL
83,南山人壽威美鑽美元利率變動型終身壽險(定期給付)_SYUL
84,凱基人壽招財進保利率變動型終身壽險(定期給付)_APLYPL
85,凱基人壽全民小額終身壽險_EHJIPL
86,南山人壽佳多保利率變動型終身保險(定期給付)_BTPL
87,全球人壽鑫美富足利率變動型美元增額終身壽險(定額給付)
88,全球人壽代代緻富利率變動型終身壽險(定額給付)
89,全球人壽代代緻富利率變動型終身壽險(定額給付)
90,南山人壽佳多保利率變動型終身保險(定期給付)_BTPL
91,南山人壽添多利利率變動型增額終身保險(定期給付)_2BTL
92,南山人壽威美鑽美元利率變動型終身壽險(定期給付)_SYUL
93,南山人壽樂活洋溢醫療終身保險_TPHI5
94,全球人壽鑫美富足利率變動型美元增額終身壽險(定額給付)
95,凱基人壽全民小額終身壽險_EHJIPL
96,全球人壽豪神六六利率變動型美元終身壽險(定額給付)
97,凱基人壽全民小額終身壽險_EHJIPL
98,南山人壽豐盈滿山美元利率變動型終身壽險(定期給付)_BYUPL6
99,南山人壽樂活洋溢醫療終身保險_TPHI5
100,凱基人壽天天有利利率變動型終身壽險(定期給付)_APKQTL
101,全球人壽鑫美富足利率變動型美元增額終身壽險(定額給付)
102,南山人壽添保倍美元利率變動型終身壽險(定期給付)_BYUPL8
103,全球人壽代代緻富利率變動型終身壽險(定額給付)
104,凱基人壽十全十美美元利率變動型養老保險(定期給付)_APMIPL
105,凱基人壽享利開鑫利率變動型終身保險(定期給付)_BPLTPL
106,凱基人壽鑫安利得利率變動型終身壽險(定期給付)_APWHPL
107,南山人壽年年滿利利率變動型還本終身保險(定期給付)_2BTE2
108,凱基人壽天天開鑫利率變動型終身保險(定期給付)_APKTPL
109,凱基人壽龍保倍美元利率變動型終身壽險(定期給付)_APMPPL
110,凱基人壽天天開鑫利率變動型終身保險(定期給付)_APKTPL
111,南山人壽添保倍美元利率變動型終身壽險(定期給付)_BYUPL8
112,全球人壽豪威六六利率變動型終身壽險(定額給付)
113,安達人壽美美優美元利率變動型終身壽險
114,南山人壽年年滿利利率變動型還本終身保險(定期給付)_2BTE2
115,南山人壽新多福保美元利率變動型終身保險(定期給付)_BUPL5G
116,南山人壽年年滿利利率變動型還本終身保險(定期給付)_2BTE2
117,全球人壽豪威六六利率變動型終身壽險(定額給付)
118,全球人壽豪神六六利率變動型美元終身壽險(定額給付)
119,凱基人壽十全十美美元利率變動型養老保險(定期給付)_APMIPL
120,南山人壽豐盈保倍美元利率變動型終身壽險(定期給付)_BYUPL7
121,南山人壽年年滿利利率變動型還本終身保險(定期給付)_2BTE2
122,凱基人壽好基利美元利率變動型終身壽險(定期給付)_APMEPL
123,南山人壽享添鑽利率變動型終身保險(定期給付)_STL6
124,凱基人壽大基大利美元利率變動型終身壽險(定期給付)_APMLPL
125,南山人壽享添鑽利率變動型終身保險(定期給付)_STL6
126,南山人壽佳多保利率變動型終身保險(定期給付)_BTPL
127,南山人壽威美鑽美元利率變動型終身壽險(定期給付)_SYUL
128,南山人壽添多利利率變動型增額終身保險(定期給付)_2BTL
129,凱基人壽天天開鑫利率變動型終身保險(定期給付)_APKTPL
130,全球人壽金采福旺利率變動型終身壽險(定額給付)
131,凱基人壽招財進保利率變動型終身壽險(定期給付)_APLYPL
132,凱基人壽金旺來利率變動型終身壽險(定期給付)_APMTPL
133,凱基人壽天天有利利率變動型終身壽險(定期給付)_APKQTL
134,南山人壽豐盈滿山美元利率變動型終身壽險(定期給付)_BYUPL6
135,凱基人壽金旺來利率變動型終身壽險(定期給付)_APMTPL
136,安達人壽超美得美元利率變動型終身壽險
137,安達人壽美美優美元利率變動型終身壽險
138,全球人壽金美富貴利率變動型美元終身壽險(定額給付)
139,南山人壽佳多保利率變動型終身保險(定期給付)_BTPL
140,凱基人壽十全十美美元利率變動型養老保險(定期給付)_APMIPL
141,南山人壽豐盈保倍美元利率變動型終身壽險(定期給付)_BYUPL7
142,安達人壽超美得美元利率變動型終身壽險
143,凱基人壽美年鑽美元利率變動型終身保險(定期給付)_BPJAPL
144,南山人壽添保倍美元利率變動型終身壽險(定期給付)_BYUPL8
145,安達人壽美美優美元利率變動型終身壽險
146,南山人壽新福愛小額終身壽險_MPL3
147,南山人壽新多福保美元利率變動型終身保險(定期給付)_BUPL5G
148,南山人壽新福愛小額終身壽險_MPL3
149,南山人壽享添鑽利率變動型終身保險(定期給付)_STL6
150,安達人壽美美優美元利率變動型終身壽險
151,全球人壽豪威六六利率變動型終身壽險(定額給付)
152,凱基人壽基業長鴻美元利率變動型終身壽險(定期給付)_APMOPL
153,安達人壽超美得美元利率變動型終身壽險
154,南山人壽豐盈保倍美元利率變動型終身壽險(定期給付)_BYUPL7
155,全球人壽金美福旺利率變動型美元終身壽險(定額給付)
156,全球人壽金美福旺利率變動型美元終身壽險(定額給付)
157,凱基人壽十全十美美元利率變動型養老保險(定期給付)_APMIPL
158,安達人壽美美優美元利率變動型終身壽險
159,全球人壽金美富貴利率變動型美元終身壽險(定額給付)
160,凱基人壽十全十美美元利率變動型養老保險(定期給付)_APMIPL
161,全球人壽豪威六六利率變動型終身壽險(定額給付)
162,南山人壽年年滿利利率變動型還本終身保險(定期給付)_2BTE2
163,凱基人壽基業長鴻美元利率變動型終身壽險(定期給付)_APMOPL
164,全球人壽豪威六六利率變動型終身壽險(定額給付)
165,南山人壽樂活洋溢醫療終身保險_TPHI5
166,凱基人壽金旺來利率變動型終身壽險(定期給付)_APMTPL
167,凱基人壽天天開鑫利率變動型終身保險(定期給付)_APKTPL
168,凱基人壽招財進保利率變動型終身壽險(定期給付)_APLYPL
169,全球人壽金采福旺利率變動型終身壽險(定額給付)
170,凱基人壽全民小額終身壽險_EHJIPL
171,南山人壽新福愛小額終身壽險_MPL3
172,南山人壽添多利利率變動型增額終身保險(定期給付)_2BTL
173,全球人壽金美富貴利率變動型美元終身壽險(定額給付)
174,南山人壽添多利利率變動型增額終身保險(定期給付)_2BTL
175,凱基人壽鑫安利得利率變動型終身壽險(定期給付)_APWHPL
176,凱基人壽享利開鑫利率變動型終身保險(定期給付)_BPLTPL
177,南山人壽新多福保美元利率變動型終身保險(定期給付)_BUPL5G
178,南山人壽年年滿利利率變動型還本終身保險(定期給付)_2BTE2
179,南山人壽添保倍美元利率變動型終身壽險(定期給付)_BYUPL8
180,南山人壽豐盈滿山美元利率變動型終身壽險(定期給付)_BYUPL6
181,113 年 1月 29 日
182,南山人壽享添鑽利率變動型終身保險(定期給付)_STL6
183,凱基人壽天天開鑫利率變動型終身保險(定期給付)_APKTPL
184,南山人壽新多福保美元利率變動型終身保險(定期給付)_BUPL5G
185,南山人壽添保倍美元利率變動型終身壽險(定期給付)_BYUPL8
186,南山人壽威美鑽美元利率變動型終身壽險(定期給付)_SYUL
187,全球人壽金美富貴利率變動型美元終身壽險(定額給付)
188,南山人壽豐盈保倍美元利率變動型終身壽險(定期給付)_BYUPL7
189,南山人壽享添鑽利率變動型終身保險(定期給付)_STL6
190,全球人壽豪神六六利率變動型美元終身壽險(定額給付)
191,全球人壽金采福旺利率變動型終身壽險(定額給付)
192,全球人壽豪神六六利率變動型美元終身壽險(定額給付)
193,安達人壽超美得美元利率變動型終身壽險
194,凱基人壽天天有利利率變動型終身壽險(定期給付)_APKQTL
195,南山人壽豐盈滿山美元利率變動型終身壽險(定期給付)_BYUPL6
196,南山人壽年年滿利利率變動型還本終身保險(定期給付)_2BTE2
197,凱基人壽澳氣十足澳幣利率變動型養老保險(定期給付)_APMKPL
198,凱基人壽全民小額終身壽險_EHJIPL
199,南山人壽豐盈滿山美元利率變動型終身壽險(定期給付)_BYUPL6
200,凱基人壽美年鑽美元利率變動型終身保險(定期給付)_BPJAPL
201,凱基人壽享利開鑫利率變動型終身保險(定期給付)_BPLTPL
202,南山人壽豐盈滿山美元利率變動型終身壽險(定期給付)_BYUPL6
203,凱基人壽澳氣十足澳幣利率變動型養老保險(定期給付)_APMKPL
204,凱基人壽鑫安利得利率變動型終身壽險(定期給付)_APWHPL
205,全球人壽金美富貴利率變動型美元終身壽險(定額給付)
206,凱基人壽大基大利美元利率變動型終身壽險(定期給付)_APMLPL
207,南山人壽威美鑽美元利率變動型終身壽險(定期給付)_SYUL
208,全球人壽鑫美富足利率變動型美元增額終身壽險(定額給付)
209,凱基人壽鑫安利得利率變動型終身壽險(定期給付)_APWHPL
210,凱基人壽金旺來利率變動型終身壽險(定期給付)_APMTPL
211,全球人壽金采福旺利率變動型終身壽險(定額給付)
212,凱基人壽澳氣十足澳幣利率變動型養老保險(定期給付)_APMKPL
213,安達人壽超美得美元利率變動型終身壽險
214,凱基人壽美年鑽美元利率變動型終身保險(定期給付)_BPJAPL
215,全球人壽金采福旺利率變動型終身壽險(定額給付)
216,全球人壽金采福旺利率變動型終身壽險(定額給付)
217,全球人壽金美富貴利率變動型美元終身壽險(定額給付)
218,全球人壽豪神六六利率變動型美元終身壽險(定額給付)
219,凱基人壽享利開鑫利率變動型終身保險(定期給付)_BPLTPL
220,全球人壽金美富貴利率變動型美元終身壽險(定額給付)
221,南山人壽新福愛小額終身壽險_MPL3
222,凱基人壽好基利美元利率變動型終身壽險(定期給付)_APMEPL
223,南山人壽新福愛小額終身壽險_MPL3
224,南山人壽新多福保美元利率變動型終身保險(定期給付)_BUPL5G
225,凱基人壽龍保倍美元利率變動型終身壽險(定期給付)_APMPPL
226,凱基人壽龍保倍美元利率變動型終身壽險(定期給付)_APMPPL
227,安達人壽超美得美元利率變動型終身壽險
228,南山人壽添保倍美元利率變動型終身壽險(定期給付)_BYUPL8
229,凱基人壽鑫安利得利率變動型終身壽險(定期給付)_APWHPL
230,凱基人壽美年鑽美元利率變動型終身保險(定期給付)_BPJAPL
231,南山人壽添多利利率變動型增額終身保險(定期給付)_2BTL
232,113 年 1月 29 日
233,凱基人壽招財進保利率變動型終身壽險(定期給付)_APLYPL
234,安達人壽超美得美元利率變動型終身壽險
235,全球人壽金采福旺利率變動型終身壽險(定額給付)
236,南山人壽享添鑽利率變動型終身保險(定期給付)_STL6
237,全球人壽鑫美富足利率變動型美元增額終身壽險(定額給付)
238,全球人壽豪神六六利率變動型美元終身壽險(定額給付)
239,南山人壽添多利利率變動型增額終身保險(定期給付)_2BTL
240,凱基人壽基業長鴻美元利率變動型終身壽險(定期給付)_APMOPL
241,南山人壽添多利利率變動型增額終身保險(定期給付)_2BTL
242,南山人壽威美鑽美元利率變動型終身壽險(定期給付)_SYUL
243,南山人壽樂活洋溢醫療終身保險_TPHI5
244,南山人壽年年滿利利率變動型還本終身保險(定期給付)_2BTE2
245,113 年 1月 29 日
246,安達人壽超美得美元利率變動型終身壽險
247,全球人壽金采福旺利率變動型終身壽險(定額給付)
248,凱基人壽天天開鑫利率變動型終身保險(定期給付)_APKTPL
249,南山人壽享添鑽利率變動型終身保險(定期給付)_STL6
250,全球人壽豪神六六利率變動型美元終身壽險(定額給付)
251,全球人壽豪威六六利率變動型終身壽險(定額給付)
252,南山人壽新多福保美元利率變動型終身保險(定期給付)_BUPL5G
253,南山人壽樂活洋溢醫療終身保險_TPHI5
254,南山人壽添多利利率變動型增額終身保險(定期給付)_2BTL
255,全球人壽金美富貴利率變動型美元終身壽險(定額給付)
256,南山人壽添多利利率變動型增額終身保險(定期給付)_2BTL
257,南山人壽享添鑽利率變動型終身保險(定期給付)_STL6
258,南山人壽佳多保利率變動型終身保險(定期給付)_BTPL
259,全球人壽金采福旺利率變動型終身壽險(定額給付)
260,凱基人壽大基大利美元利率變動型終身壽險(定期給付)_APMLPL
261,南山人壽豐盈滿山美元利率變動型終身壽險(定期給付)_BYUPL6
262,南山人壽豐盈滿山美元利率變動型終身壽險(定期給付)_BYUPL6
263,南山人壽豐盈保倍美元利率變動型終身壽險(定期給付)_BYUPL7
264,全球人壽豪神六六利率變動型美元終身壽險(定額給付)
265,安達人壽美美優美元利率變動型終身壽險
266,全球人壽鑫美富足利率變動型美元增額終身壽險(定額給付)
267,全球人壽豪神六六利率變動型美元終身壽險(定額給付)
268,凱基人壽享利開鑫利率變動型終身保險(定期給付)_BPLTPL
269,凱基人壽金旺來利率變動型終身壽險(定期給付)_APMTPL
270,全球人壽代代緻富利率變動型終身壽險(定額給付)
271,全球人壽代代緻富利率變動型終身壽險(定額給付)
272,安達人壽美美優美元利率變動型終身壽險
273,凱基人壽鑫安利得利率變動型終身壽險(定期給付)_APWHPL
274,全球人壽金美富貴利率變動型美元終身壽險(定額給付)
275,南山人壽豐盈滿山美元利率變動型終身壽險(定期給付)_BYUPL6
276,南山人壽添保倍美元利率變動型終身壽險(定期給付)_BYUPL8
277,凱基人壽招財進保利率變動型終身壽險(定期給付)_APLYPL
278,安達人壽美美優美元利率變動型終身壽險
279,南山人壽新多福保美元利率變動型終身保險(定期給付)_BUPL5G
280,安達人壽美美優美元利率變動型終身壽險
281,全球人壽豪神六六利率變動型美元終身壽險(定額給付)
282,南山人壽佳多保利率變動型終身保險(定期給付)_BTPL
283,南山人壽豐盈保倍美元利率變動型終身壽險(定期給付)_BYUPL7
284,安達人壽超美得美元利率變動型終身壽險
285,凱基人壽招財進保利率變動型終身壽險(定期給付)_APLYPL
286,全球人壽金采福旺利率變動型終身壽險(定額給付)
287,南山人壽新多福保美元利率變動型終身保險(定期給付)_BUPL5G
288,全球人壽豪神六六利率變動型美元終身壽險(定額給付)
289,凱基人壽天天開鑫利率變動型終身保險(定期給付)_APKTPL
290,全球人壽代代緻富利率變動型終身壽險(定額給付)
291,凱基人壽龍保倍美元利率變動型終身壽險(定期給付)_APMPPL
292,南山人壽新多福保美元利率變動型終身保險(定期給付)_BUPL5G
293,全球人壽金采福旺利率變動型終身壽險(定額給付)
294,凱基人壽十全十美美元利率變動型養老保險(定期給付)_APMIPL
295,凱基人壽招財進保利率變動型終身壽險(定期給付)_APLYPL
296,凱基人壽天天開鑫利率變動型終身保險(定期給付)_APKTPL
297,南山人壽佳多保利率變動型終身保險(定期給付)_BTPL
298,南山人壽新福愛小額終身壽險_MPL3
299,安達人壽超美得美元利率變動型終身壽險
300,凱基人壽天天開鑫利率變動型終身保險(定期給付)_APKTPL
301,南山人壽豐盈保倍美元利率變動型終身壽險(定期給付)_BYUPL7
302,凱基人壽基業長鴻美元利率變動型終身壽險(定期給付)_APMOPL
303,凱基人壽天天開鑫利率變動型終身保險(定期給付)_APKTPL
304,凱基人壽基業長鴻美元利率變動型終身壽險(定期給付)_APMOPL
305,113 年 1月 29 日
306,安達人壽美美優美元利率變動型終身壽險
307,113 年 1月 29 日
308,全球人壽金美富貴利率變動型美元終身壽險(定額給付)
309,凱基人壽鑫安利得利率變動型終身壽險(定期給付)_APWHPL
310,南山人壽年年滿利利率變動型還本終身保險(定期給付)_2BTE2
311,凱基人壽金旺來利率變動型終身壽險(定期給付)_APMTPL
312,全球人壽金采福旺利率變動型終身壽險(定額給付)
313,凱基人壽鑫安利得利率變動型終身壽險(定期給付)_APWHPL
314,全球人壽鑫美富足利率變動型美元增額終身壽險(定額給付)
315,南山人壽新多福保美元利率變動型終身保險(定期給付)_BUPL5G
316,凱基人壽基業長鴻美元利率變動型終身壽險(定期給付)_APMOPL
317,南山人壽佳多保利率變動型終身保險(定期給付)_BTPL
318,凱基人壽龍保倍美元利率變動型終身壽險(定期給付)_APMPPL
319,南山人壽新福愛小額終身壽險_MPL3
320,凱基人壽享利開鑫利率變動型終身保險(定期給付)_BPLTPL
321,凱基人壽基業長鴻美元利率變動型終身壽險(定期給付)_APMOPL
322,南山人壽豐盈保倍美元利率變動型終身壽險(定期給付)_BYUPL7
323,全球人壽豪威六六利率變動型終身壽險(定額給付)
324,全球人壽豪神六六利率變動型美元終身壽險(定額給付)
325,南山人壽樂活洋溢醫療終身保險_TPHI5
326,安達人壽美美優美元利率變動型終身壽險
327,南山人壽添保倍美元利率變動型終身壽險(定期給付)_BYUPL8
328,全球人壽豪威六六利率變動型終身壽險(定額給付)
329,凱基人壽好基利美元利率變動型終身壽險(定期給付)_APMEPL
330,全球人壽豪威六六利率變動型終身壽險(定額給付)
331,全球人壽鑫美富足利率變動型美元增額終身壽險(定額給付)
332,凱基人壽天天有利利率變動型終身壽險(定期給付)_APKQTL
333,凱基人壽金旺來利率變動型終身壽險(定期給付)_APMTPL
334,全球人壽金采福旺利率變動型終身壽險(定額給付)
335,凱基人壽大基大利美元利率變動型終身壽險(定期給付)_APMLPL
336,凱基人壽美年鑽美元利率變動型終身保險(定期給付)_BPJAPL
337,南山人壽豐盈保倍美元利率變動型終身壽險(定期給付)_BYUPL7
338,南山人壽添保倍美元利率變動型終身壽險(定期給付)_BYUPL8
339,凱基人壽澳氣十足澳幣利率變動型養老保險(定期給付)_APMKPL
340,凱基人壽十全十美美元利率變動型養老保險(定期給付)_APMIPL
341,南山人壽佳多保利率變動型終身保險(定期給付)_BTPL
342,凱基人壽天天有利利率變動型終身壽險(定期給付)_APKQTL
343,南山人壽豐盈滿山美元利率變動型終身壽險(定期給付)_BYUPL6
344,南山人壽添保倍美元利率變動型終身壽險(定期給付)_BYUPL8
345,南山人壽威美鑽美元利率變動型終身壽險(定期給付)_SYUL
346,凱基人壽基業長鴻美元利率變動型終身壽險(定期給付)_APMOPL
347,凱基人壽招財進保利率變動型終身壽險(定期給付)_APLYPL
348,南山人壽享添鑽利率變動型終身保險(定期給付)_STL6
349,全球人壽鑫美富足利率變動型美元增額終身壽險(定額給付)
350,南山人壽添保倍美元利率變動型終身壽險(定期給付)_BYUPL8
351,南山人壽豐盈保倍美元利率變動型終身壽險(定期給付)_BYUPL7
352,南山人壽年年滿利利率變動型還本終身保險(定期給付)_2BTE2
353,南山人壽樂活洋溢醫療終身保險_TPHI5
354,全球人壽金采福旺利率變動型終身壽險(定額給付)
355,全球人壽代代緻富利率變動型終身壽險(定額給付)
356,凱基人壽好基利美元利率變動型終身壽險(定期給付)_APMEPL
357,南山人壽享添鑽利率變動型終身保險(定期給付)_STL6
358,全球人壽金美富貴利率變動型美元終身壽險(定額給付)
359,南山人壽新多福保美元利率變動型終身保險(定期給付)_BUPL5G
360,凱基人壽澳氣十足澳幣利率變動型養老保險(定期給付)_APMKPL
361,凱基人壽享利開鑫利率變動型終身保險(定期給付)_BPLTPL
362,南山人壽豐盈滿山美元利率變動型終身壽險(定期給付)_BYUPL6
363,凱基人壽基業長鴻美元利率變動型終身壽險(定期給付)_APMOPL
364,凱基人壽金旺來利率變動型終身壽險(定期給付)_APMTPL
365,南山人壽新多福保美元利率變動型終身保險(定期給付)_BUPL5G
366,南山人壽添保倍美元利率變動型終身壽險(定期給付)_BYUPL8
367,南山人壽佳多保利率變動型終身保險(定期給付)_BTPL
368,安達人壽美美優美元利率變動型終身壽險
369,全球人壽豪威六六利率變動型終身壽險(定額給付)
370,凱基人壽龍保倍美元利率變動型終身壽險(定期給付)_APMPPL
371,凱基人壽天天有利利率變動型終身壽險(定期給付)_APKQTL
372,全球人壽金采福旺利率變動型終身壽險(定額給付)
373,凱基人壽美年鑽美元利率變動型終身保險(定期給付)_BPJAPL
374,凱基人壽十全十美美元利率變動型養老保險(定期給付)_APMIPL
375,凱基人壽全民小額終身壽險_EHJIPL
376,凱基人壽好基利美元利率變動型終身壽險(定期給付)_APMEPL
377,凱基人壽美年鑽美元利率變動型終身保險(定期給付)_BPJAPL
378,113 年 1月 29 日
379,南山人壽佳多保利率變動型終身保險(定期給付)_BTPL
380,全球人壽豪神六六利率變動型美元終身壽險(定額給付)
381,凱基人壽澳氣十足澳幣利率變動型養老保險(定期給付)_APMKPL
382,凱基人壽招財進保利率變動型終身壽險(定期給付)_APLYPL
383,凱基人壽天天有利利率變動型終身壽險(定期給付)_APKQTL
384,南山人壽豐盈滿山美元利率變動型終身壽險(定期給付)_BYUPL6
385,凱基人壽大基大利美元利率變動型終身壽險(定期給付)_APMLPL
386,113 年 1月 29 日
387,南山人壽年年滿利利率變動型還本終身保險(定期給付)_2BTE2
388,全球人壽代代緻富利率變動型終身壽險(定額給付)
389,全球人壽豪神六六利率變動型美元終身壽險(定額給付)
390,凱基人壽全民小額終身壽險_EHJIPL
391,凱基人壽大基大利美元利率變動型終身壽險(定期給付)_APMLPL
392,南山人壽威美鑽美元利率變動型終身壽險(定期給付)_SYUL
393,113 年 1月 29 日
394,凱基人壽大基大利美元利率變動型終身壽險(定期給付)_APMLPL
395,凱基人壽天天開鑫利率變動型終身保險(定期給付)_APKTPL
396,凱基人壽基業長鴻美元利率變動型終身壽險(定期給付)_APMOPL
397,南山人壽樂活洋溢醫療終身保險_TPHI5
398,凱基人壽龍保倍美元利率變動型終身壽險(定期給付)_APMPPL
399,凱基人壽龍保倍美元利率變動型終身壽險(定期給付)_APMPPL
400,南山人壽新福愛小額終身壽險_MPL3
401,凱基人壽十全十美美元利率變動型養老保險(定期給付)_APMIPL
402,全球人壽豪神六六利率變動型美元終身壽險(定額給付)
403,全球人壽豪威六六利率變動型終身壽險(定額給付)
404,南山人壽佳多保利率變動型終身保險(定期給付)_BTPL
405,凱基人壽大基大利美元利率變動型終身壽險(定期給付)_APMLPL
406,凱基人壽天天有利利率變動型終身壽險(定期給付)_APKQTL
407,南山人壽年年滿利利率變動型還本終身保險(定期給付)_2BTE2
408,南山人壽添多利利率變動型增額終身保險(定期給付)_2BTL
409,全球人壽鑫美富足利率變動型美元增額終身壽險(定額給付)
410,凱基人壽澳氣十足澳幣利率變動型養老保險(定期給付)_APMKPL
411,安達人壽超美得美元利率變動型終身壽險
412,安達人壽超美得美元利率變動型終身壽險
413,安達人壽美美優美元利率變動型終身壽險
414,南山人壽豐盈保倍美元利率變動型終身壽險(定期給付)_BYUPL7
415,南山人壽豐盈保倍美元利率變動型終身壽險(定期給付)_BYUPL7
416,凱基人壽天天開鑫利率變動型終身保險(定期給付)_APKTPL
417,南山人壽新多福保美元利率變動型終身保險(定期給付)_BUPL5G
418,全球人壽鑫美富足利率變動型美元增額終身壽險(定額給付)
419,全球人壽代代緻富利率變動型終身壽險(定額給付)
420,南山人壽豐盈保倍美元利率變動型終身壽險(定期給付)_BYUPL7
421,凱基人壽鑫安利得利率變動型終身壽險(定期給付)_APWHPL
422,南山人壽添多利利率變動型增額終身保險(定期給付)_2BTL
423,凱基人壽美年鑽美元利率變動型終身保險(定期給付)_BPJAPL
424,南山人壽添保倍美元利率變動型終身壽險(定期給付)_BYUPL8
425,凱基人壽美年鑽美元利率變動型終身保險(定期給付)_BPJAPL
426,南山人壽佳多保利率變動型終身保險(定期給付)_BTPL
427,凱基人壽招財進保利率變動型終身壽險(定期給付)_APLYPL
428,南山人壽威美鑽美元利率變動型終身壽險(定期給付)_SYUL
429,南山人壽威美鑽美元利率變動型終身壽險(定期給付)_SYUL
430,凱基人壽大基大利美元利率變動型終身壽險(定期給付)_APMLPL
431,南山人壽佳多保利率變動型終身保險(定期給付)_BTPL
432,南山人壽樂活洋溢醫療終身保險_TPHI5
433,凱基人壽全民小額終身壽險_EHJIPL
434,南山人壽新福愛小額終身壽險_MPL3
435,南山人壽添多利利率變動型增額終身保險(定期給付)_2BTL
436,凱基人壽澳氣十足澳幣利率變動型養老保險(定期給付)_APMKPL
437,凱基人壽美年鑽美元利率變動型終身保險(定期給付)_BPJAPL
438,凱基人壽天天開鑫利率變動型終身保險(定期給付)_APKTPL
439,南山人壽樂活洋溢醫療終身保險_TPHI5
440,南山人壽樂活洋溢醫療終身保險_TPHI5
441,南山人壽享添鑽利率變動型終身保險(定期給付)_STL6
442,南山人壽新福愛小額終身壽險_MPL3
443,113 年 1月 29 日
444,113 年 1月 29 日
445,南山人壽豐盈保倍美元利率變動型終身壽險(定期給付)_BYUPL7
446,凱基人壽全民小額終身壽險_EHJIPL
447,凱基人壽享利開鑫利率變動型終身保險(定期給付)_BPLTPL
448,凱基人壽龍保倍美元利率變動型終身壽險(定期給付)_APMPPL
449,全球人壽金美富貴利率變動型美元終身壽險(定額給付)
450,安達人壽超美得美元利率變動型終身壽險
451,南山人壽享添鑽利率變動型終身保險(定期給付)_STL6
452,全球人壽豪神六六利率變動型美元終身壽險(定額給付)
453,凱基人壽基業長鴻美元利率變動型終身壽險(定期給付)_APMOPL
454,凱基人壽享利開鑫利率變動型終身保險(定期給付)_BPLTPL
455,南山人壽享添鑽利率變動型終身保險(定期給付)_STL6
456,凱基人壽鑫安利得利率變動型終身壽險(定期給付)_APWHPL
457,南山人壽樂活洋溢醫療終身保險_TPHI5
458,全球人壽金美富貴利率變動型美元終身壽險(定額給付)
459,凱基人壽好基利美元利率變動型終身壽險(定期給付)_APMEPL
460,113 年 1月 29 日
461,凱基人壽大基大利美元利率變動型終身壽險(定期給付)_APMLPL
462,全球人壽代代緻富利率變動型終身壽險(定額給付)
463,凱基人壽招財進保利率變動型終身壽險(定期給付)_APLYPL
464,凱基人壽好基利美元利率變動型終身壽險(定期給付)_APMEPL
465,凱基人壽龍保倍美元利率變動型終身壽險(定期給付)_APMPPL
466,凱基人壽天天有利利率變動型終身壽險(定期給付)_APKQTL
467,全球人壽金采福旺利率變動型終身壽險(定額給付)
468,凱基人壽基業長鴻美元利率變動型終身壽險(定期給付)_APMOPL
469,全球人壽金采福旺利率變動型終身壽險(定額給付)
470,凱基人壽澳氣十足澳幣利率變動型養老保險(定期給付)_APMKPL
471,凱基人壽澳氣十足澳幣利率變動型養老保險(定期給付)_APMKPL
472,南山人壽年年滿利利率變動型還本終身保險(定期給付)_2BTE2
473,凱基人壽享利開鑫利率變動型終身保險(定期給付)_BPLTPL
474,全球人壽鑫美富足利率變動型美元增額終身壽險(定額給付)
475,南山人壽享添鑽利率變動型終身保險(定期給付)_STL6
476,南山人壽添多利利率變動型增額終身保險(定期給付)_2BTL
477,安達人壽超美得美元利率變動型終身壽險
478,南山人壽添多利利率變動型增額終身保險(定期給付)_2BTL
479,凱基人壽美年鑽美元利率變動型終身保險(定期給付)_BPJAPL
480,凱基人壽龍保倍美元利率變動型終身壽險(定期給付)_APMPPL
481,全球人壽豪神六六利率變動型美元終身壽險(定額給付)
482,南山人壽添保倍美元利率變動型終身壽險(定期給付)_BYUPL8
483,南山人壽佳多保利率變動型終身保險(定期給付)_BTPL
484,南山人壽樂活洋溢醫療終身保險_TPHI5
485,凱基人壽大基大利美元利率變動型終身壽險(定期給付)_APMLPL
486,南山人壽樂活洋溢醫療終身保險_TPHI5
487,凱基人壽好基利美元利率變動型終身壽險(定期給付)_APMEPL
488,全球人壽金采福旺利率變動型終身壽險(定額給付)
489,安達人壽超美得美元利率變動型終身壽險
490,全球人壽豪威六六利率變動型終身壽險(定額給付)
491,南山人壽豐盈保倍美元利率變動型終身壽險(定期給付)_BYUPL7
492,南山人壽添多利利率變動型增額終身保險(定期給付)_2BTL
493,南山人壽添保倍美元利率變動型終身壽險(定期給付)_BYUPL8
494,凱基人壽天天有利利率變動型終身壽險(定期給付)_APKQTL
495,安達人壽美美優美元利率變動型終身壽險
496,凱基人壽大基大利美元利率變動型終身壽險(定期給付)_APMLPL
497,凱基人壽大基大利美元利率變動型終身壽險(定期給付)_APMLPL
498,全球人壽金美富貴利率變動型美元終身壽險(定額給付)
499,安達人壽超美得美元利率變動型終身壽險
500,凱基人壽美年鑽美元利率變動型終身保險(定期給付)_BPJAPL
501,113 年 1月 29 日
502,南山人壽添多利利率變動型增額終身保險(定期給付)_2BTL
503,凱基人壽澳氣十足澳幣利率變動型養老保險(定期給付)_APMKPL
504,安達人壽美美優美元利率變動型終身壽險
505,南山人壽年年滿利利率變動型還本終身保險(定期給付)_2BTE2
506,南山人壽年年滿利利率變動型還本終身保險(定期給付)_2BTE2
507,全球人壽豪神六六利率變動型美元終身壽險(定額給付)
508,安達人壽美美優美元利率變動型終身壽險
509,全球人壽金美富貴利率變動型美元終身壽險(定額給付)
510,凱基人壽十全十美美元利率變動型養老保險(定期給付)_APMIPL
511,凱基人壽美年鑽美元利率變動型終身保險(定期給付)_BPJAPL
512,全球人壽豪威六六利率變動型終身壽險(定額給付)
513,凱基人壽龍保倍美元利率變動型終身壽險(定期給付)_APMPPL
514,凱基人壽招財進保利率變動型終身壽險(定期給付)_APLYPL
515,安達人壽美美優美元利率變動型終身壽險
516,凱基人壽十全十美美元利率變動型養老保險(定期給付)_APMIPL
517,凱基人壽金旺來利率變動型終身壽險(定期給付)_APMTPL
518,南山人壽年年滿利利率變動型還本終身保險(定期給付)_2BTE2
519,凱基人壽招財進保利率變動型終身壽險(定期給付)_APLYPL
520,全球人壽金美富貴利率變動型美元終身壽險(定額給付)
521,凱基人壽金旺來利率變動型終身壽險(定期給付)_APMTPL
522,凱基人壽澳氣十足澳幣利率變動型養老保險(定期給付)_APMKPL
523,全球人壽豪神六六利率變動型美元終身壽險(定額給付)
524,南山人壽豐盈保倍美元利率變動型終身壽險(定期給付)_BYUPL7
525,凱基人壽全民小額終身壽險_EHJIPL
526,南山人壽年年滿利利率變動型還本終身保險(定期給付)_2BTE2
527,南山人壽添多利利率變動型增額終身保險(定期給付)_2BTL
528,南山人壽豐盈滿山美元利率變動型終身壽險(定期給付)_BYUPL6
529,凱基人壽十全十美美元利率變動型養老保險(定期給付)_APMIPL
530,凱基人壽全民小額終身壽險_EHJIPL
531,南山人壽豐盈滿山美元利率變動型終身壽險(定期給付)_BYUPL6
532,南山人壽享添鑽利率變動型終身保險(定期給付)_STL6
533,凱基人壽好基利美元利率變動型終身壽險(定期給付)_APMEPL
534,凱基人壽十全十美美元利率變動型養老保險(定期給付)_APMIPL
535,南山人壽年年滿利利率變動型還本終身保險(定期給付)_2BTE2
536,南山人壽新多福保美元利率變動型終身保險(定期給付)_BUPL5G
537,南山人壽樂活洋溢醫療終身保險_TPHI5
538,全球人壽金采福旺利率變動型終身壽險(定額給付)
539,南山人壽添保倍美元利率變動型終身壽險(定期給付)_BYUPL8
540,南山人壽新多福保美元利率變動型終身保險(定期給付)_BUPL5G
541,113 年 1月 29 日
542,凱基人壽天天開鑫利率變動型終身保險(定期給付)_APKTPL
543,凱基人壽基業長鴻美元利率變動型終身壽險(定期給付)_APMOPL
544,南山人壽豐盈保倍美元利率變動型終身壽險(定期給付)_BYUPL7
545,凱基人壽美年鑽美元利率變動型終身保險(定期給付)_BPJAPL
546,南山人壽年年滿利利率變動型還本終身保險(定期給付)_2BTE2
547,安達人壽美美優美元利率變動型終身壽險
548,凱基人壽享利開鑫利率變動型終身保險(定期給付)_BPLTPL
549,凱基人壽金旺來利率變動型終身壽險(定期給付)_APMTPL
550,全球人壽豪威六六利率變動型終身壽險(定額給付)
551,全球人壽金美富貴利率變動型美元終身壽險(定額給付)
552,凱基人壽大基大利美元利率變動型終身壽險(定期給付)_APMLPL
553,南山人壽新多福保美元利率變動型終身保險(定期給付)_BUPL5G
554,凱基人壽金旺來利率變動型終身壽險(定期給付)_APMTPL
555,南山人壽新福愛小額終身壽險_MPL3
556,凱基人壽基業長鴻美元利率變動型終身壽險(定期給付)_APMOPL
557,凱基人壽美年鑽美元利率變動型終身保險(定期給付)_BPJAPL
558,安達人壽美美優美元利率變動型終身壽險
559,凱基人壽美年鑽美元利率變動型終身保險(定期給付)_BPJAPL
560,全球人壽豪威六六利率變動型終身壽險(定額給付)
561,凱基人壽鑫安利得利率變動型終身壽險(定期給付)_APWHPL
562,凱基人壽好基利美元利率變動型終身壽險(定期給付)_APMEPL
563,凱基人壽享利開鑫利率變動型終身保險(定期給付)_BPLTPL
564,凱基人壽大基大利美元利率變動型終身壽險(定期給付)_APMLPL
565,南山人壽豐盈滿山美元利率變動型終身壽險(定期給付)_BYUPL6
566,安達人壽超美得美元利率變動型終身壽險
567,全球人壽金美富貴利率變動型美元終身壽險(定額給付)
568,南山人壽添多利利率變動型增額終身保險(定期給付)_2BTL
569,南山人壽新福愛小額終身壽險_MPL3
570,凱基人壽龍保倍美元利率變動型終身壽險(定期給付)_APMPPL
571,凱基人壽龍保倍美元利率變動型終身壽險(定期給付)_APMPPL
572,凱基人壽天天有利利率變動型終身壽險(定期給付)_APKQTL
573,凱基人壽鑫安利得利率變動型終身壽險(定期給付)_APWHPL
574,凱基人壽天天有利利率變動型終身壽險(定期給付)_APKQTL
575,凱基人壽天天有利利率變動型終身壽險(定期給付)_APKQTL
576,全球人壽代代緻富利率變動型終身壽險(定額給付)
577,凱基人壽好基利美元利率變動型終身壽險(定期給付)_APMEPL
578,南山人壽新福愛小額終身壽險_MPL3
579,凱基人壽龍保倍美元利率變動型終身壽險(定期給付)_APMPPL
580,南山人壽添多利利率變動型增額終身保險(定期給付)_2BTL
581,安達人壽超美得美元利率變動型終身壽險
582,凱基人壽鑫安利得利率變動型終身壽險(定期給付)_APWHPL
583,安達人壽超美得美元利率變動型終身壽險
584,凱基人壽好基利美元利率變動型終身壽險(定期給付)_APMEPL
585,凱基人壽基業長鴻美元利率變動型終身壽險(定期給付)_APMOPL
586,南山人壽豐盈滿山美元利率變動型終身壽險(定期給付)_BYUPL6
587,凱基人壽龍保倍美元利率變動型終身壽險(定期給付)_APMPPL
588,凱基人壽天天開鑫利率變動型終身保險(定期給付)_APKTPL
589,凱基人壽鑫安利得利率變動型終身壽險(定期給付)_APWHPL
590,凱基人壽龍保倍美元利率變動型終身壽險(定期給付)_APMPPL
591,南山人壽樂活洋溢醫療終身保險_TPHI5
592,南山人壽豐盈保倍美元利率變動型終身壽險(定期給付)_BYUPL7
593,南山人壽豐盈保倍美元利率變動型終身壽險(定期給付)_BYUPL7
594,凱基人壽十全十美美元利率變動型養老保險(定期給付)_APMIPL
595,安達人壽美美優美元利率變動型終身壽險
596,南山人壽威美鑽美元利率變動型終身壽險(定期給付)_SYUL
597,凱基人壽金旺來利率變動型終身壽險(定期給付)_APMTPL
598,凱基人壽天天開鑫利率變動型終身保險(定期給付)_APKTPL
599,全球人壽金美富貴利率變動型美元終身壽險(定額給付)
600,全球人壽代代緻富利率變動型終身壽險(定額給付)
601,凱基人壽基業長鴻美元利率變動型終身壽險(定期給付)_APMOPL
602,凱基人壽招財進保利率變動型終身壽險(定期給付)_APLYPL
603,安達人壽超美得美元利率變動型終身壽險
604,凱基人壽天天有利利率變動型終身壽險(定期給付)_APKQTL
605,南山人壽新福愛小額終身壽險_MPL3
606,南山人壽新多福保美元利率變動型終身保險(定期給付)_BUPL5G
607,凱基人壽好基利美元利率變動型終身壽險(定期給付)_APMEPL
608,南山人壽享添鑽利率變動型終身保險(定期給付)_STL6
609,凱基人壽享利開鑫利率變動型終身保險(定期給付)_BPLTPL
610,凱基人壽金旺來利率變動型終身壽險(定期給付)_APMTPL
611,凱基人壽享利開鑫利率變動型終身保險(定期給付)_BPLTPL
612,113 年 1月 29 日
613,南山人壽威美鑽美元利率變動型終身壽險(定期給付)_SYUL
614,南山人壽新多福保美元利率變動型終身保險(定期給付)_BUPL5G
615,全球人壽鑫美富足利率變動型美元增額終身壽險(定額給付)
616,全球人壽鑫美富足利率變動型美元增額終身壽險(定額給付)
617,113 年 1月 29 日
618,南山人壽添多利利率變動型增額終身保險(定期給付)_2BTL
619,全球人壽金采福旺利率變動型終身壽險(定額給付)
620,南山人壽添保倍美元利率變動型終身壽險(定期給付)_BYUPL8
621,凱基人壽鑫安利得利率變動型終身壽險(定期給付)_APWHPL
622,全球人壽豪威六六利率變動型終身壽險(定額給付)
623,南山人壽威美鑽美元利率變動型終身壽險(定期給付)_SYUL
624,凱基人壽招財進保利率變動型終身壽險(定期給付)_APLYPL
625,南山人壽佳多保利率變動型終身保險(定期給付)_BTPL
626,凱基人壽大基大利美元利率變動型終身壽險(定期給付)_APMLPL
627,南山人壽新多福保美元利率變動型終身保險(定期給付)_BUPL5G
628,全球人壽豪威六六利率變動型終身壽險(定額給付)
629,全球人壽豪神六六利率變動型美元終身壽險(定額給付)
630,安達人壽美美優美元利率變動型終身壽險
631,南山人壽豐盈滿山美元利率變動型終身壽險(定期給付)_BYUPL6
632,凱基人壽天天有利利率變動型終身壽險(定期給付)_APKQTL
633,113 年 1月 29 日
634,凱基人壽好基利美元利率變動型終身壽險(定期給付)_APMEPL
635,凱基人壽澳氣十足澳幣利率變動型養老保險(定期給付)_APMKPL
636,凱基人壽大基大利美元利率變動型終身壽險(定期給付)_APMLPL
637,全球人壽豪威六六利率變動型終身壽險(定額給付)
638,凱基人壽基業長鴻美元利率變動型終身壽險(定期給付)_APMOPL
639,南山人壽威美鑽美元利率變動型終身壽險(定期給付)_SYUL
640,安達人壽超美得美元利率變動型終身壽險
641,全球人壽代代緻富利率變動型終身壽險(定額給付)
642,南山人壽豐盈滿山美元利率變動型終身壽險(定期給付)_BYUPL6
643,全球人壽代代緻富利率變動型終身壽險(定額給付)
